<?xml version="1.0" encoding="UTF-8"?>
<project-private xmlns="http://www.netbeans.org/ns/project-private/1">
    <editor-bookmarks xmlns="http://www.netbeans.org/ns/editor-bookmarks/2" lastBookmarkId="0"/>
    <open-files xmlns="http://www.netbeans.org/ns/projectui-open-files/2">
        <group>
            <file>file:/C:/Users/andrés/Desktop/ProyectoAndres/src/Modelo/UML/Trabajador.java</file>
            <file>file:/C:/Users/andrés/Desktop/ProyectoAndres/src/proyectoandres/Main.java</file>
            <file>file:/C:/Users/andrés/Desktop/ProyectoAndres/src/Modelo/UML/Administracion.java</file>
            <file>file:/C:/Users/andrés/Desktop/ProyectoAndres/src/Excepcion/CentroNoValido.java</file>
            <file>file:/C:/Users/andrés/Desktop/ProyectoAndres/src/Modelo/UML/Centro.java</file>
            <file>file:/C:/Users/andrés/Desktop/ProyectoAndres/src/Modelo/BD/TrabajadorBD.java</file>
            <file>file:/C:/Users/andrés/Desktop/ProyectoAndres/src/Modelo/BD/GenericoBD.java</file>
            <file>file:/C:/Users/andrés/Desktop/ProyectoAndres/src/Vista/VistaTrabajador.java</file>
            <file>file:/C:/Users/andrés/Desktop/ProyectoAndres/src/Excepcion/DatoObligatorio.java</file>
            <file>file:/C:/Users/andrés/Desktop/ProyectoAndres/src/Vista/VistaCentro.java</file>
            <file>file:/C:/Users/andrés/Desktop/ProyectoAndres/src/Excepcion/CalleNoValida.java</file>
            <file>file:/C:/Users/andrés/Desktop/ProyectoAndres/src/Modelo/UML/Logistica.java</file>
            <file>file:/C:/Users/andrés/Desktop/ProyectoAndres/src/Modelo/BD/CentroBD.java</file>
            <file>file:/C:/Users/andrés/Desktop/ProyectoAndres/src/Excepcion/DNINoValido.java</file>
        </group>
    </open-files>
</project-private>
